id,author,body,score,created_utc,permalink,link_id,parent_id,subreddit
nx9midt,Available-Quit-4782,Fermi looking bullish $FRMI,1,1767367928,/r/SmallCapStocks/comments/1q21iyb/btc_quantsignals_v3_crypto_20260102/nx9midt/,t3_1q21iyb,t3_1q21iyb,SmallCapStocks
nx9r383,Available-Quit-4782,Fermi looking bullish $FRMI,1,1767369253,/r/SmallCapStocks/comments/1q20q51/btc_v3_quant_update_analyzing_the_jan_2026_signal/nx9r383/,t3_1q20q51,t3_1q20q51,SmallCapStocks
nx9sfyi,Available-Quit-4782,Fermi looking bullish $FRMI,1,1767369637,/r/SmallCapStocks/comments/1q22a6a/mu_quantsignals_v3_new_year_data_analysis/nx9sfyi/,t3_1q22a6a,t3_1q22a6a,SmallCapStocks
nx9u6r5,Available-Quit-4782,Fermi looking bullish $FRMI,1,1767370133,/r/SmallCapStocks/comments/1q22fwc/quant_report_rgti_v3_signal_analysis_jan_2_2026/nx9u6r5/,t3_1q22fwc,t3_1q22fwc,SmallCapStocks
nx9w3lp,Available-Quit-4782,Fermi looking bullish $FRMI,1,1767370670,/r/SmallCapStocks/comments/1q22oke/hood_quantsignals_v3_stocks_20260102/nx9w3lp/,t3_1q22oke,t3_1q22oke,SmallCapStocks
nxb2j77,Available-Quit-4782,Fermi stock looking bullish $FRMI,1,1767382525,/r/SmallCapStocks/comments/1q27hyx/nxxt_just_posted_801m_december_revenue_here_is/nxb2j77/,t3_1q27hyx,t3_1q27hyx,SmallCapStocks
nxh95d4,Prior_Clothes9680,Small caps are heating up! Maybe a big year for the sector. Look at low floats like LRE.. chart is holding up so well! There’s loading across the sector for sure,1,1767464032,/r/SmallCapStocks/comments/1q20yhr/this_chart_pattern_looks_like_big_players_are/nxh95d4/,t3_1q20yhr,t3_1q20yhr,SmallCapStocks
nxsevbl,macromind,"The way you frame institutional liquidity gaps is interesting. Ive seen similar effects when you segment by session and look at where volume is ""missing"" relative to prior ranges.  Question, are the exit zones rule based (like ATR bands / time stop) or does the model also output a probability dropoff that triggers exits?  Also, if youre working on the marketing side of a trading SaaS, Ive been bookmarking practical ideas here: https://blog.promarkia.com/",1,1767604283,/r/SmallCapStocks/comments/1q4gy4u/btc_quantsignals_v3_why_the_jan_5th_data_model_is/nxsevbl/,t3_1q4gy4u,t3_1q4gy4u,SmallCapStocks
ny9haew,macromind,"0DTE is wild, so I like that youre thinking in regimes vs trying to predict every candle. On the gamma levels piece, are you pulling dealer positioning from options OI + IV assumptions, or using a vendor feed?  Unrelated but Ive been putting together a quick checklist for avoiding overfit signals (more from an AI/growth ops perspective) at https://blog.promarkia.com/ - might be useful if youre iterating on V3.",1,1767816672,/r/SmallCapStocks/comments/1q6q3kn/quant_report_spx_0dte_signal_v3_datadriven/ny9haew/,t3_1q6q3kn,t3_1q6q3kn,SmallCapStocks
nz0etgg,rbmrph,"What chart are you looking at?  NXXT is down 65% in the last 12 months.  There is no evidence of ""steady buying and small dips that get bought up quickly"".  It looks more like steady selling and small spikes that get sold off quickly.",1,1768155077,/r/SmallCapStocks/comments/1q6jatb/the_slow_way_big_money_enters_a_stock/nz0etgg/,t3_1q6jatb,t3_1q6jatb,SmallCapStocks
nzeulm5,Agitated_Highlight68,"It’s more likely to bring everything down first, then reward the companies applying/developing AI well. Like what Amazon stock did in the dot com bubble",1,1768334995,/r/SmallCapStocks/comments/1qbvfjj/most_investors_are_too_lazy_to_see_the_massive_ai/nzeulm5/,t3_1qbvfjj,t3_1qbvfjj,SmallCapStocks
nzvae0w,doctor-arson,Listen here. They used to sell karaoke machines. They bought into the AI hype changing their name and their website literally overnight.   This stock is shit for a reason. Stay the fuck away,1,1768540450,/r/SmallCapStocks/comments/1qbvfjj/most_investors_are_too_lazy_to_see_the_massive_ai/nzvae0w/,t3_1qbvfjj,t3_1qbvfjj,SmallCapStocks
o03kbjf,paizuribart,"Well, the P/Es of AI stocks are way too high. If anything buy solid semiconductor and utilities. To run these stupid giant data centres that are being built requires a ton of electricity and those parts to AI-a-go-go.   Anyway, diversify beyond AI as well.",1,1768655110,/r/SmallCapStocks/comments/1qbvfjj/most_investors_are_too_lazy_to_see_the_massive_ai/o03kbjf/,t3_1qbvfjj,t3_1qbvfjj,SmallCapStocks
o0d60p3,ItsAllGoodFolks,"NLST 👀  David vs. Goliath: Fighting Big Tech and Winning Long an underdog relative to global giants like Samsung, Micron, and Google, Netlist under Chuck Hong’s leadership has repeatedly demonstrated that vision and innovation matter. Twice in recent years, juries in the U.S. District Court for the Eastern District of Texas have found willful infringement by major competitors:  Against Micron: A $445 million damages award for violation of core Netlist memory patents. Against Samsung: A $118 million jury award in late 2024 for infringement across three Netlist patents, adding to earlier victories worth over $300 million. Across 19 months of litigation, Netlist has amassed over $866 million in combined award damages from established semiconductor leaders—a testament to the strength and lasting relevance of its technologies.  Many see this as a true David-versus-Goliath saga, where a lean innovator stands up against billion-dollar corporations and defends its creations not just in courtrooms, but in the competitive marketplace.  Powering AI and the Next Computing Era Memory is the heartbeat of artificial intelligence systems and high-performance computing. DDR5 and HBM technologies—fast, dense, and efficient memory solutions—are essential to deep learning training, inference workloads, and massive data throughput applications. Netlist’s patents and products align directly with these trends, and the company’s legal victories underscore the foundational role its intellectual property plays in modern computing.",1,1768773425,/r/SmallCapStocks/comments/1qbvfjj/most_investors_are_too_lazy_to_see_the_massive_ai/o0d60p3/,t3_1qbvfjj,t3_1qbvfjj,SmallCapStocks
o0ikq47,ItsAllGoodFolks,No bubble. Way early for AI  RZLV 👀  The stock is ripping higher at $4.60 now. $4 resistance was taken out.  Options activity is pointing at $5 by next week.  Average stock analyst price target is $9.50  Lowest is $7 highest is $15  Lake Street just upped their PT to $14  RZLV just confirmed $350M revenue target for 2026 and $500M for 2027  I bought more.  Not a financial advice. Do your own research,1,1768845551,/r/SmallCapStocks/comments/1qh9z1r/billions_in_yen_inflows_and_what_they_mean_for/o0ikq47/,t3_1qh9z1r,t3_1qh9z1r,SmallCapStocks
o103ofu,FreddyJetson,"You're overlooking something... $VWAV  This from the prospectus  Key Developments: Pilot Programs and Client Engagements Target has secured approval for a pilot project with significant defense company in the United Arab Emirates, following a competitive selection process against leading global defense companies. The testing trial, valued at $216,150, involves a live-firing test and is currently in the manufacturing stage. Upon successful completion, this pilot is expected to validate the product's capabilities and lead to multi-million-dollar follow-on orders. On top of 3D simulation that been presented, a demonstration is scheduled for first Q of 2025 with a Us based defense contractor, which is the subsidiary of an international defense company. This pilot will showcase three Target products, with the objective of securing large-scale deployments. Additionally, Target is collaborating with defense contractor's engineering team to initiate production lines for Remote Weapon Systems (RWS). In partnership with the US based defense contractor, Target has submitted a collaborative proposal to the US Army Rapid Capabilities Joint C-sUAS Office (JCO) for its Interceptor solution. This initiative includes rigorous testing and approval as a potential solution for the US Army and NATO forces. Target is collaborating with the Israeli Ministry of Defense and others to deploy its solutions as both short-term and long-term measures to enhance border security. These deployments will involve real-world field use and are anticipated to result in long-term contracts for continued deployment and servicing of Target's solutions. A demonstration and initial deployment of the system are scheduled for Q1 2025. 166 The Indian Ministry of Defense is working with Target to install and deploy its solutions along India's borders. This engagement is structured as a 10-year agreement to provide Target's solutions and ongoing services. As part of this initiative, Target anticipates establishing manufacturing facilities in India, enabling a substantial long-term partnership and large-scale deployment.",1,1769062865,/r/SmallCapStocks/comments/1qj3oq7/the_golden_dome_supply_chain/o103ofu/,t3_1qj3oq7,t3_1qj3oq7,SmallCapStocks
o10x427,ItsAllGoodFolks,"NLST 👀  David vs. Goliath: Fighting Big Tech and Winning Long an underdog relative to global giants like Samsung, Micron, and Google, Netlist under Chuck Hong’s leadership has repeatedly demonstrated that vision and innovation matter. Twice in recent years, juries in the U.S. District Court for the Eastern District of Texas have found willful infringement by major competitors:  Against Micron: A $445 million damages award for violation of core Netlist memory patents. Against Samsung: A $118 million jury award in late 2024 for infringement across three Netlist patents, adding to earlier victories worth over $300 million. Across 19 months of litigation, Netlist has amassed over $866 million in combined award damages from established semiconductor leaders—a testament to the strength and lasting relevance of its technologies.  Many see this as a true David-versus-Goliath saga, where a lean innovator stands up against billion-dollar corporations and defends its creations not just in courtrooms, but in the competitive marketplace.  Powering AI and the Next Computing Era Memory is the heartbeat of artificial intelligence systems and high-performance computing. DDR5 and HBM technologies—fast, dense, and efficient memory solutions—are essential to deep learning training, inference workloads, and massive data throughput applications. Netlist’s patents and products align directly with these trends, and the company’s legal victories underscore the foundational role its intellectual property plays in modern computing.",1,1769078831,/r/SmallCapStocks/comments/1qj3oq7/the_golden_dome_supply_chain/o10x427/,t3_1qj3oq7,t3_1qj3oq7,SmallCapStocks
o19el32,ItsAllGoodFolks,"NLST 👀  David vs. Goliath: Fighting Big Tech and Winning Long an underdog relative to global giants like Samsung, Micron, and Google, Netlist under Chuck Hong’s leadership has repeatedly demonstrated that vision and innovation matter. Twice in recent years, juries in the U.S. District Court for the Eastern District of Texas have found willful infringement by major competitors:  Against Micron: A $445 million damages award for violation of core Netlist memory patents. Against Samsung: A $118 million jury award in late 2024 for infringement across three Netlist patents, adding to earlier victories worth over $300 million. Across 19 months of litigation, Netlist has amassed over $866 million in combined award damages from established semiconductor leaders—a testament to the strength and lasting relevance of its technologies.  Many see this as a true David-versus-Goliath saga, where a lean innovator stands up against billion-dollar corporations and defends its creations not just in courtrooms, but in the competitive marketplace.  Powering AI and the Next Computing Era Memory is the heartbeat of artificial intelligence systems and high-performance computing. DDR5 and HBM technologies—fast, dense, and efficient memory solutions—are essential to deep learning training, inference workloads, and massive data throughput applications. Netlist’s patents and products align directly with these trends, and the company’s legal victories underscore the foundational role its intellectual property plays in modern computing.",1,1769185001,/r/SmallCapStocks/comments/1qkuk1u/nxxt_prioritizes_growth_and_strategic_investors/o19el32/,t3_1qkuk1u,t3_1qkuk1u,SmallCapStocks
o1a2l1g,ItsAllGoodFolks,"NLST 👀  David vs. Goliath: Fighting Big Tech and Winning Long an underdog relative to global giants like Samsung, Micron, and Google, Netlist under Chuck Hong’s leadership has repeatedly demonstrated that vision and innovation matter. Twice in recent years, juries in the U.S. District Court for the Eastern District of Texas have found willful infringement by major competitors:  Against Micron: A $445 million damages award for violation of core Netlist memory patents. Against Samsung: A $118 million jury award in late 2024 for infringement across three Netlist patents, adding to earlier victories worth over $300 million. Across 19 months of litigation, Netlist has amassed over $866 million in combined award damages from established semiconductor leaders—a testament to the strength and lasting relevance of its technologies.  Many see this as a true David-versus-Goliath saga, where a lean innovator stands up against billion-dollar corporations and defends its creations not just in courtrooms, but in the competitive marketplace.  Powering AI and the Next Computing Era Memory is the heartbeat of artificial intelligence systems and high-performance computing. DDR5 and HBM technologies—fast, dense, and efficient memory solutions—are essential to deep learning training, inference workloads, and massive data throughput applications. Netlist’s patents and products align directly with these trends, and the company’s legal victories underscore the foundational role its intellectual property plays in modern computing.",1,1769191561,/r/SmallCapStocks/comments/1qks4lf/oth_off_the_hook_yachts_boosts_inventory/o1a2l1g/,t3_1qks4lf,t3_1qks4lf,SmallCapStocks
o1lshtb,ItsAllGoodFolks,"NLST 👀  David vs. Goliath: Fighting Big Tech and Winning Long an underdog relative to global giants like Samsung, Micron, and Google, Netlist under Chuck Hong’s leadership has repeatedly demonstrated that vision and innovation matter. Twice in recent years, juries in the U.S. District Court for the Eastern District of Texas have found willful infringement by major competitors:  Against Micron: A $445 million damages award for violation of core Netlist memory patents. Against Samsung: A $118 million jury award in late 2024 for infringement across three Netlist patents, adding to earlier victories worth over $300 million. Across 19 months of litigation, Netlist has amassed over $866 million in combined award damages from established semiconductor leaders—a testament to the strength and lasting relevance of its technologies.  Many see this as a true David-versus-Goliath saga, where a lean innovator stands up against billion-dollar corporations and defends its creations not just in courtrooms, but in the competitive marketplace.  Powering AI and the Next Computing Era Memory is the heartbeat of artificial intelligence systems and high-performance computing. DDR5 and HBM technologies—fast, dense, and efficient memory solutions—are essential to deep learning training, inference workloads, and massive data throughput applications. Netlist’s patents and products align directly with these trends, and the company’s legal victories underscore the foundational role its intellectual property plays in modern computing.",1,1769342687,/r/SmallCapStocks/comments/1qjdddb/capt_captivision_a_40_cents_stock_with_12m/o1lshtb/,t3_1qjdddb,t3_1qjdddb,SmallCapStocks
o1snvw1,ItsAllGoodFolks,"NLST 👀  David vs. Goliath: Fighting Big Tech and Winning Long an underdog relative to global giants like Samsung, Micron, and Google, Netlist under Chuck Hong’s leadership has repeatedly demonstrated that vision and innovation matter. Twice in recent years, juries in the U.S. District Court for the Eastern District of Texas have found willful infringement by major competitors:  Against Micron: A $445 million damages award for violation of core Netlist memory patents. Against Samsung: A $118 million jury award in late 2024 for infringement across three Netlist patents, adding to earlier victories worth over $300 million. Across 19 months of litigation, Netlist has amassed over $866 million in combined award damages from established semiconductor leaders—a testament to the strength and lasting relevance of its technologies.  Many see this as a true David-versus-Goliath saga, where a lean innovator stands up against billion-dollar corporations and defends its creations not just in courtrooms, but in the competitive marketplace.  Powering AI and the Next Computing Era Memory is the heartbeat of artificial intelligence systems and high-performance computing. DDR5 and HBM technologies—fast, dense, and efficient memory solutions—are essential to deep learning training, inference workloads, and massive data throughput applications. Netlist’s patents and products align directly with these trends, and the company’s legal victories underscore the foundational role its intellectual property plays in modern computing.",1,1769423528,/r/SmallCapStocks/comments/1qmzjaa/nak/o1snvw1/,t3_1qmzjaa,t3_1qmzjaa,SmallCapStocks
o1so8qu,ItsAllGoodFolks,"NLST 👀  David vs. Goliath: Fighting Big Tech and Winning Long an underdog relative to global giants like Samsung, Micron, and Google, Netlist under Chuck Hong’s leadership has repeatedly demonstrated that vision and innovation matter. Twice in recent years, juries in the U.S. District Court for the Eastern District of Texas have found willful infringement by major competitors:  Against Micron: A $445 million damages award for violation of core Netlist memory patents. Against Samsung: A $118 million jury award in late 2024 for infringement across three Netlist patents, adding to earlier victories worth over $300 million. Across 19 months of litigation, Netlist has amassed over $866 million in combined award damages from established semiconductor leaders—a testament to the strength and lasting relevance of its technologies.  Many see this as a true David-versus-Goliath saga, where a lean innovator stands up against billion-dollar corporations and defends its creations not just in courtrooms, but in the competitive marketplace.  Powering AI and the Next Computing Era Memory is the heartbeat of artificial intelligence systems and high-performance computing. DDR5 and HBM technologies—fast, dense, and efficient memory solutions—are essential to deep learning training, inference workloads, and massive data throughput applications. Netlist’s patents and products align directly with these trends, and the company’s legal victories underscore the foundational role its intellectual property plays in modern computing.",1,1769423719,/r/SmallCapStocks/comments/1qmxovp/svre_the_best_setup_in_small_caps_this_week/o1so8qu/,t3_1qmxovp,t3_1qmxovp,SmallCapStocks
o1uscmx,ItsAllGoodFolks,"NLST 👀  David vs. Goliath: Fighting Big Tech and Winning Long an underdog relative to global giants like Samsung, Micron, and Google, Netlist under Chuck Hong’s leadership has repeatedly demonstrated that vision and innovation matter. Twice in recent years, juries in the U.S. District Court for the Eastern District of Texas have found willful infringement by major competitors:  Against Micron: A $445 million damages award for violation of core Netlist memory patents. Against Samsung: A $118 million jury award in late 2024 for infringement across three Netlist patents, adding to earlier victories worth over $300 million. Across 19 months of litigation, Netlist has amassed over $866 million in combined award damages from established semiconductor leaders—a testament to the strength and lasting relevance of its technologies.  Many see this as a true David-versus-Goliath saga, where a lean innovator stands up against billion-dollar corporations and defends its creations not just in courtrooms, but in the competitive marketplace.  Powering AI and the Next Computing Era Memory is the heartbeat of artificial intelligence systems and high-performance computing. DDR5 and HBM technologies—fast, dense, and efficient memory solutions—are essential to deep learning training, inference workloads, and massive data throughput applications. Netlist’s patents and products align directly with these trends, and the company’s legal victories underscore the foundational role its intellectual property plays in modern computing.",1,1769448661,/r/SmallCapStocks/comments/1qne5sn/svre_hit_240_this_morning_still_plenty_of_juice/o1uscmx/,t3_1qne5sn,t3_1qne5sn,SmallCapStocks
o1uskao,ItsAllGoodFolks,"NLST 👀  David vs. Goliath: Fighting Big Tech and Winning Long an underdog relative to global giants like Samsung, Micron, and Google, Netlist under Chuck Hong’s leadership has repeatedly demonstrated that vision and innovation matter. Twice in recent years, juries in the U.S. District Court for the Eastern District of Texas have found willful infringement by major competitors:  Against Micron: A $445 million damages award for violation of core Netlist memory patents. Against Samsung: A $118 million jury award in late 2024 for infringement across three Netlist patents, adding to earlier victories worth over $300 million. Across 19 months of litigation, Netlist has amassed over $866 million in combined award damages from established semiconductor leaders—a testament to the strength and lasting relevance of its technologies.  Many see this as a true David-versus-Goliath saga, where a lean innovator stands up against billion-dollar corporations and defends its creations not just in courtrooms, but in the competitive marketplace.  Powering AI and the Next Computing Era Memory is the heartbeat of artificial intelligence systems and high-performance computing. DDR5 and HBM technologies—fast, dense, and efficient memory solutions—are essential to deep learning training, inference workloads, and massive data throughput applications. Netlist’s patents and products align directly with these trends, and the company’s legal victories underscore the foundational role its intellectual property plays in modern computing.",1,1769448716,/r/SmallCapStocks/comments/1qnku3n/rime_update_ai_logistics_pivot_shows_early/o1uskao/,t3_1qnku3n,t3_1qnku3n,SmallCapStocks
o20rcec,box986a,EMETF & LFEV. Do your DD!,1,1769524051,/r/SmallCapStocks/comments/1qoeaku/top_stocks_to_buy_in_2026_any_small_caps_with/o20rcec/,t3_1qoeaku,t3_1qoeaku,SmallCapStocks
o231u5u,Dat_Ace,$LHSW some more DD;  * Lianhe Sowell International Group Ltd plans full delivery of 500 Spray-Painting Robots by Q1 2026.  there is no approved Reverse split and there is no scheduled vote as well. there is open gap on daily at $1.35,1,1769545950,/r/SmallCapStocks/comments/1qohjzo/lhsw_lianhe_sowell_international_a_70_cents_stock/o231u5u/,t3_1qohjzo,t3_1qohjzo,SmallCapStocks
o24mj88,Rude_Pirate9078,"Just a random guy on the Internet...but I use both (9% AVUV/6% AVDV) to give my portfolio a SCV tilt. I believe in the management (former Dimensional employees), the objective and the screens that they use for size/value/profitability. I feel like the market is broadening out from just the growth of the Mag 7. Do your own research but I still have conviction in the premium if you can stick with it, and add more, during down markets. Just my two pennies.",2,1769562277,/r/SmallCapStocks/comments/1qc8lwk/thoughts_on_avantis_small_cap_etfs_avuv_avdv/o24mj88/,t3_1qc8lwk,t3_1qc8lwk,SmallCapStocks
o25xnat,Zain_Abdula,"That said, it’s still a high-risk, high-reward stock. Revenue growth is promising, but earnings consistency, funding costs, and macro conditions matter a lot. For small-cap investors, PGY is more of a “watch closely and size carefully” idea than a blind buy.",1,1769578483,/r/SmallCapStocks/comments/1qoeaku/top_stocks_to_buy_in_2026_any_small_caps_with/o25xnat/,t3_1qoeaku,t1_o240i24,SmallCapStocks
o26giej,Ok-Recommendation925,">on companies with strong balance sheets, low debt, and consistent revenue growth  I don't know if mine has the consistent revenue growth you desire, but it's LAES",2,1769587637,/r/SmallCapStocks/comments/1qoeaku/top_stocks_to_buy_in_2026_any_small_caps_with/o26giej/,t3_1qoeaku,t1_o20kurb,SmallCapStocks
o2d0st0,happy123z,Check out SII. You can skip all their etfs and all the complications of mining and metals and just invest in them.,1,1769664805,/r/SmallCapStocks/comments/1qoeaku/top_stocks_to_buy_in_2026_any_small_caps_with/o2d0st0/,t3_1qoeaku,t3_1qoeaku,SmallCapStocks
o2kmaz1,No_Employment8549,"timing is spot on with that option payment wrap-up yesterday (Jan 29 news). Locking in 99% JV control and full ops without debt hanging around is huge for a junior like this. Over 109k meters drilled already means way less guesswork than most stories at this stage. Tin upside in Bolivia's belt could be the real kicker if silver keeps ripping. Adding to my list too, what's your price target if the resource update in Q1 hits hardd",1,1769763827,/r/SmallCapStocks/comments/1qqlwh9/small_cap_screening_for_2026_one_name_i_came/o2kmaz1/,t3_1qqlwh9,t3_1qqlwh9,SmallCapStocks
o2mhvtl,battle_rae,What about the FATBP preferred stock?,1,1769789322,/r/SmallCapStocks/comments/1qr9f8b/fat_stock_fatbb_stock_chapter_11_pop_graveyard/o2mhvtl/,t3_1qr9f8b,t3_1qr9f8b,SmallCapStocks
o2v10ok,NikolaTeslaStudent,"MEHI, BURU, SAFX are bargains right now.. Do your DD, but should be good 👍",1,1769895547,/r/SmallCapStocks/comments/1qoeaku/top_stocks_to_buy_in_2026_any_small_caps_with/o2v10ok/,t3_1qoeaku,t3_1qoeaku,SmallCapStocks
o32i28v,Otherwise_Wave9374,"Solid DD and I like that you tied it to specific deadlines (those catalysts matter). The compliance angle is also one of the few SaaS spaces where urgency is real.  From a GTM standpoint, do you think their growth comes more from agencies bundling accessibility for clients, or direct sales to entities facing the deadlines? Wondering which channel scales cleaner.  Weve been documenting and tracking different SaaS marketing plays on our side, if its helpful, we built a small app for planning and measuring campaigns at https://www.promarkia.com/",1,1769991967,/r/SmallCapStocks/comments/1qteddb/my_first_deep_dd_post_a_massively_undervalued/o32i28v/,t3_1qteddb,t3_1qteddb,SmallCapStocks
o333gqc,Otherwise_Wave9374,"Appreciate the detail here, especially tying the valuation to a specific regulatory catalyst.  Do you have any sense of their customer acquisition mix (self-serve vs sales-led) and how sticky the contracts are once a company is compliant? That seems like the key to whether the ""compliance wave"" turns into durable ARR.  For what it is worth, when we are evaluating SaaS GTM and positioning, we keep a lightweight research log in https://www.promarkia.com/ so we can compare theses over time.",1,1769999226,/r/SmallCapStocks/comments/1qteddb/my_first_deep_dd_post_a_massively_undervalued/o333gqc/,t3_1qteddb,t3_1qteddb,SmallCapStocks
o36u0eg,ItsAllGoodFolks,"NLST 👀  David vs. Goliath: Fighting Big Tech and Winning Long an underdog relative to global giants like Samsung, Micron, and Google, Netlist under Chuck Hong’s leadership has repeatedly demonstrated that vision and innovation matter. Twice in recent years, juries in the U.S. District Court for the Eastern District of Texas have found willful infringement by major competitors:  Against Micron: A $445 million damages award for violation of core Netlist memory patents. Against Samsung: A $118 million jury award in late 2024 for infringement across three Netlist patents, adding to earlier victories worth over $300 million. Across 19 months of litigation, Netlist has amassed over $866 million in combined award damages from established semiconductor leaders—a testament to the strength and lasting relevance of its technologies.  Many see this as a true David-versus-Goliath saga, where a lean innovator stands up against billion-dollar corporations and defends its creations not just in courtrooms, but in the competitive marketplace.  Powering AI and the Next Computing Era Memory is the heartbeat of artificial intelligence systems and high-performance computing. DDR5 and HBM technologies—fast, dense, and efficient memory solutions—are essential to deep learning training, inference workloads, and massive data throughput applications. Netlist’s patents and products align directly with these trends, and the company’s legal victories underscore the foundational role its intellectual property plays in modern computing.",1,1770053470,/r/SmallCapStocks/comments/1qtvugw/nexgen_energy_tsenxe_given_new_c2000_price_target/o36u0eg/,t3_1qtvugw,t3_1qtvugw,SmallCapStocks
o36u8sz,ItsAllGoodFolks,"NLST 👀  David vs. Goliath: Fighting Big Tech and Winning Long an underdog relative to global giants like Samsung, Micron, and Google, Netlist under Chuck Hong’s leadership has repeatedly demonstrated that vision and innovation matter. Twice in recent years, juries in the U.S. District Court for the Eastern District of Texas have found willful infringement by major competitors:  Against Micron: A $445 million damages award for violation of core Netlist memory patents. Against Samsung: A $118 million jury award in late 2024 for infringement across three Netlist patents, adding to earlier victories worth over $300 million. Across 19 months of litigation, Netlist has amassed over $866 million in combined award damages from established semiconductor leaders—a testament to the strength and lasting relevance of its technologies.  Many see this as a true David-versus-Goliath saga, where a lean innovator stands up against billion-dollar corporations and defends its creations not just in courtrooms, but in the competitive marketplace.  Powering AI and the Next Computing Era Memory is the heartbeat of artificial intelligence systems and high-performance computing. DDR5 and HBM technologies—fast, dense, and efficient memory solutions—are essential to deep learning training, inference workloads, and massive data throughput applications. Netlist’s patents and products align directly with these trends, and the company’s legal victories underscore the foundational role its intellectual property plays in modern computing.",1,1770053535,/r/SmallCapStocks/comments/1qtx4i7/recent_institutional_filings_and_capital_raising/o36u8sz/,t3_1qtx4i7,t3_1qtx4i7,SmallCapStocks
o36ugx8,ItsAllGoodFolks,"NLST 👀  David vs. Goliath: Fighting Big Tech and Winning Long an underdog relative to global giants like Samsung, Micron, and Google, Netlist under Chuck Hong’s leadership has repeatedly demonstrated that vision and innovation matter. Twice in recent years, juries in the U.S. District Court for the Eastern District of Texas have found willful infringement by major competitors:  Against Micron: A $445 million damages award for violation of core Netlist memory patents. Against Samsung: A $118 million jury award in late 2024 for infringement across three Netlist patents, adding to earlier victories worth over $300 million. Across 19 months of litigation, Netlist has amassed over $866 million in combined award damages from established semiconductor leaders—a testament to the strength and lasting relevance of its technologies.  Many see this as a true David-versus-Goliath saga, where a lean innovator stands up against billion-dollar corporations and defends its creations not just in courtrooms, but in the competitive marketplace.  Powering AI and the Next Computing Era Memory is the heartbeat of artificial intelligence systems and high-performance computing. DDR5 and HBM technologies—fast, dense, and efficient memory solutions—are essential to deep learning training, inference workloads, and massive data throughput applications. Netlist’s patents and products align directly with these trends, and the company’s legal victories underscore the foundational role its intellectual property plays in modern computing.",1,1770053597,/r/SmallCapStocks/comments/1qtx0to/admq_news_lockheed_martin/o36ugx8/,t3_1qtx0to,t3_1qtx0to,SmallCapStocks
o3cd5um,happybrowser88,"NexGen Energy (TSE NXE) just got a bump in its price target from TD Securities, now C$20 up from C$15, implying roughly 15.5 percent upside from its recent close. Other analysts are bullish too. Canaccord Genuity at C$18.50, Haywood at C$15, BMO at C$16, National Bankshares at C$18 with outperform, and Scotiabank at C$14. Consensus rating is Buy with an average target of C$16.88.  NXE stock is up about 1.5 percent recently, trading around C$17.31, near its 12-month high of C$17.50. The company has a market cap of C$11.3 billion, P/E of -29.34, and strong liquidity ratios.  For context, NexGen is focused on clean energy fuel, with its flagship Rook I Project aiming to be the largest low-cost uranium mine globally, built with strong ESG standards. Experienced management is leading the project through exploration, financing, and operations.  NFA",1,1770127505,/r/SmallCapStocks/comments/1qtvugw/nexgen_energy_tsenxe_given_new_c2000_price_target/o3cd5um/,t3_1qtvugw,t3_1qtvugw,SmallCapStocks
o3ekxib,uboatcommander159,"Well done on the research. Always bet on:   Fiscally responsible leadership with a long history of execution - Use AI to research Zoran & Damjan, RKings Mark Weir has also done well - but much less barrier to entry.  Inside ownership / skin-in-the-game - Founders @ $3   Growth, enduring sector & global catalysts. Brazil is a Fed Lic - The entire country unlike US.   Mbet did not take the easy road and outsource to save $ years back, they hired 100 programmers a decade ago and are on their 5th gen AI capable ""Atlas"" rolled out late 2025. The industry margins are too thin without AI micro, live betting, cross marketing, and customer account personalization. 5% of companies have this ability.  I have searched and search for years for these lil gems.",1,1770150143,/r/SmallCapStocks/comments/1qur32g/one_of_very_few_10x_asymmetric_stock_set_ups_not/o3ekxib/,t3_1qur32g,t1_o3dslgi,SmallCapStocks
o3iaw9k,Striking-Cost-1882,"Interesting stock, thanks for bringing it to my attention. I am not sure that I agree that the DIIBC is necessarily an indication that Eloro is a trusted supplier as it seems that they are pre-production at their major mine in Bolivia. There's certainly potential there, however.",1,1770201358,/r/SmallCapStocks/comments/1quuhlg/tsx_elo_otcqx_elrrf_accepted_into_us_defense/o3iaw9k/,t3_1quuhlg,t3_1quuhlg,SmallCapStocks
o4l4tro,box986a,Not even close to what LFEV will do with its tiny float.,1,1770715090,/r/SmallCapStocks/comments/1r08t7c/hiho_highway_holdings_this_microcap_tiny_float/o4l4tro/,t3_1r08t7c,t3_1r08t7c,SmallCapStocks
o4mjlbr,ItsAllGoodFolks,"Get in on a Stock Trading Around $1 That Could Skyrocket Over $20 by the End of the Year? Netlist(NLST) Holds the IP to This Decade’s Memory Technology — and the Next 90 Days Could Change Everything. Gary Wallach Feb 8  READ IN APP  Some stocks drift quietly in obscurity. Others sit at the center of legal, technological, and financial storms that can redefine their future in a matter of months. Netlist Inc.  (NLST) belongs firmly in the second category.  Over the next 90 days, Netlist faces a convergence of major events: a potential renewal of its landmark licensing agreement with SK hynix, pivotal legal proceedings at the International Trade Commission (ITC), decisions from the PTAB and CAFC courts, possible announcements involving OEMs and system integrators, and an upcoming earnings call where CEO Chuck Hong is expected to address all of the above.  For investors willing to take on risk, this may be one of the most asymmetric opportunities in the market today: a stock trading near $1 that could plausibly move into double digits if even a few of these catalysts break in Netlist’s favor.  Let’s break down why the next three months could reshape Netlist’s future.  1.	⁠⁠The SK hynix Agreement: A Royalty Renewal That Could Transform Netlist One of the most critical events on the horizon is the renewal of Netlist’s licensing agreement with SK hynix, expected by the end of April 2026. This agreement is not just another contract—it is a validation of Netlist’s intellectual property portfolio and its importance to modern memory technology.  Why SK hynix matters SK hynix is one of the world’s largest memory manufacturers, producing:",1,1770736292,/r/SmallCapStocks/comments/1r12wsi/stop_chasing_paper_gains_and_look_at_who_is/o4mjlbr/,t3_1r12wsi,t3_1r12wsi,SmallCapStocks
o52vxp2,No_Employment8549,"Looks promising af. Not vein pinching out, but actually widening. That 35m in REG-22-01 was nuts, if this deeper stuff matches or better it's game on. Drawback is dilution risk if they need to raise soon. Watching assays like a hawk",1,1770942499,/r/SmallCapStocks/comments/1r384um/tsxv_rsmx_regency_silver_drill_update_at_dios/o52vxp2/,t3_1r384um,t3_1r384um,SmallCapStocks
o54ifa7,Fabulous-Speed7999,AI post from a hidden profile. Chart looks like a water slide. Clearly a scam,1,1770966468,/r/SmallCapStocks/comments/1r12wsi/stop_chasing_paper_gains_and_look_at_who_is/o54ifa7/,t3_1r12wsi,t3_1r12wsi,SmallCapStocks
o5gkr3g,MR_SC_Trader,"99% of the time during PM, there are no halts, but during MO, you do see plenty. Definitely have to position size correctly and place market stops to get out safely. If you’re stuck in a halt, you’ll definitely encounter slippage, but once it resumes, your market order will take you out.",-1,1771131743,/r/SmallCapStocks/comments/1r50exd/i_left_a_250k_job_to_short_small_cap_stocks_full/o5gkr3g/,t3_1r50exd,t1_o5ghxgw,SmallCapStocks
o5tsi4g,Popgil,"**Summary of Infollion Research Services Ltd’s latest earnings call (H1 FY 2025-26)**  * **Strong Revenue Growth:** The company reported **\~46% year-on-year revenue growth to \~₹52.7 cr in H1 FY26**, driven by increased expert consultation engagements. * **EBITDA Expansion:** **EBITDA grew \~21% YoY to \~₹8.7 cr**, reflecting expanding core profitability. * **Profit After Tax Up:** **PAT increased \~23% YoY to \~₹7.3 cr**, indicating healthy bottom-line improvement alongside revenue growth. * **International Expansion:** Management highlighted **continued expansion in the US market** and exploration of **Western Europe, Middle East, and Southeast Asia geographies**. * **New Service Initiatives (HUKSA):** The company is **scaling its HUKSA corporate L&D and long-term engagement service**, aiming to diversify beyond one-off call revenues     Anyone following this stock? ",1,1771312117,/r/SmallCapStocks/comments/1g41b0v/infollion_research_services_posted_excellent/o5tsi4g/,t3_1g41b0v,t3_1g41b0v,SmallCapStocks
o6efk6j,hansatron,"100% $CEK (CeoTronics). They are currently equipping the German Armed Forces together with Rheinmetall. Overlooked and highly undervalued. They are probably the only defense stock trading below 10x EBITDA. By comparison, the sector average for European defense stocks in 2026 is closer to 14x–18x, while their direct competitor Invisio is often valued at 30-40x EBITDA. In addition, CeoTronics has a fully developed, more technologically advanced product and is more broadly positioned in terms of its product portfolio and customer base than Invisio.",2,1771584119,/r/SmallCapStocks/comments/1r97ch0/whats_the_most_undervalued_small_cap_youre/o6efk6j/,t3_1r97ch0,t3_1r97ch0,SmallCapStocks
o6ghl0s,hansatron,"As stated in the comment, the company is undervalued relative to its peers based on the EV/EBITDA multiple. Its direct competitor Invisio is 3-4x higher valued despite smaller product and client range. And thanks to CeoTronics’ new AI-based hands-free function (CT-VoiceControl), CeoTronics’ products are also more technologically advanced than those of competitors.",2,1771608909,/r/SmallCapStocks/comments/1r97ch0/whats_the_most_undervalued_small_cap_youre/o6ghl0s/,t3_1r97ch0,t1_o6fz5i7,SmallCapStocks
o6giuiv,hansatron,"Or do you mean what the reason for the undervaluation is? Then the answer is simple: Because the German market is highly inefficient and tends to price companies unfairly. If the company came from another country (not necessarily the US), the share price would likely be at EUR 30 or even higher rather than EUR 14.",2,1771609262,/r/SmallCapStocks/comments/1r97ch0/whats_the_most_undervalued_small_cap_youre/o6giuiv/,t3_1r97ch0,t1_o6ghl0s,SmallCapStocks
o6hsqlt,8000000MadeinMarket,"When the insiders offer a bit more than +10% to acquire it, and other investors more than 30%, then the stock is definitely undervalued, as these dudes put money where their mouths are.    $BARK",1,1771622280,/r/SmallCapStocks/comments/1r97ch0/whats_the_most_undervalued_small_cap_youre/o6hsqlt/,t3_1r97ch0,t3_1r97ch0,SmallCapStocks
o6j8qls,randominformation1,"ANT (Anteros Metals Inc.) for me right now.  It’s still early stage exploration so it’s not “safe” by any stretch, but what I like is the setup. They’ve already hit pressurized gas at depth, they’re following up methodically instead of hype drilling, and the geology actually supports what they’re targeting.  What makes it interesting long-term isn’t just one hole, it’s that they’ve structured it so they can keep drilling and advancing multiple targets without constantly blowing up the cap table. That gives them time to let the geology prove itself.  The market isn’t really pricing in optionality yet in my opinion. It’s still treated like a typical junior flyer. If the system continues to validate, that disconnect could close over time.  Speculative obviously. But that’s the one I’m watching closely.",1,1771639887,/r/SmallCapStocks/comments/1r97ch0/whats_the_most_undervalued_small_cap_youre/o6j8qls/,t3_1r97ch0,t3_1r97ch0,SmallCapStocks
o6jnvm9,kool_mandate,"IE Ivanhoe electric   I bought 900 more shares before upcoming earnings Thursday   You can’t really say it’s under or over valued , but you have to value it based on potential .  It’s borderline microcap/small cap.",1,1771645771,/r/SmallCapStocks/comments/1r97ch0/whats_the_most_undervalued_small_cap_youre/o6jnvm9/,t3_1r97ch0,t3_1r97ch0,SmallCapStocks
o6rfuux,CommercialMassive751,"This company is on life support:  Key Debt & Financial Details for RRGB: Total Debt: ~$535M - $619M Net Debt: ~$547M Total Liabilities: ~$725M - $762M Cash & Cash Equivalents: ~$21.7M - $30.9M Equity: Negative shareholder equity of over -$84M to -$96M, indicating liabilities exceed assets Leverage: The company has a high net-debt-to-EBITDA ratio (approximately  9 × 9 × - 10 × 1 0 × ), indicating significant overleverage. Context: In late 2024, the company amended its credit agreement to provide financial flexibility through early 2026.",2,1771763668,/r/SmallCapStocks/comments/1r8t751/you_can_buy_the_entire_company_for_just_60_million/o6rfuux/,t3_1r8t751,t3_1r8t751,SmallCapStocks
o70z9ol,tcmgtcmg,Have a nice position in FLNC. A joint venture with siemens and AES. Check it out! Domestic supply chain- revenues already coming in! No dilution risk at the moment which is WAY better than can be said for the rest of the BESS competition,1,1771883120,/r/SmallCapStocks/comments/1rcklzy/the_evolving_role_of_battery_storage_in_modern/o70z9ol/,t3_1rcklzy,t3_1rcklzy,SmallCapStocks
o71tbgw,mtksurfer,# HOLD MY BEER,1,1771892715,/r/SmallCapStocks/comments/1r8t751/you_can_buy_the_entire_company_for_just_60_million/o71tbgw/,t3_1r8t751,t3_1r8t751,SmallCapStocks
o7cgevv,Ok-Turnip-2098,Just buy Ceotronics $CEK and thank me in a year.  ,2,1772035209,/r/SmallCapStocks/comments/1re1ch5/need_help_investing/o7cgevv/,t3_1re1ch5,t3_1re1ch5,SmallCapStocks
o7qaceb,Firm-Public-9829,BYND n BNAI BUY NOW!!,1,1772211590,/r/SmallCapStocks/comments/1re1ch5/need_help_investing/o7qaceb/,t3_1re1ch5,t3_1re1ch5,SmallCapStocks
o7rk8gb,Amebocrypto,Microcaps can stay under the radar for a long time. The key is figuring out whether they’re ignored or ignored for a reason. TROO is somewhere in that grey zone for me.,1,1772224924,/r/SmallCapStocks/comments/1rgabt8/advisory_depth_signals_longterm_intent/o7rk8gb/,t3_1rgabt8,t3_1rgabt8,SmallCapStocks
o7upjhd,hansatron,"The CEO stated in the earnings call on 11 February 2026 that the company is focusing on Europe, with particular emphasis on Eastern Europe (where threat perceptions are taken more seriously) and on countries where it is already active (e.g., through police equipment contracts). According to the CEO, discussions are already underway.  In addition, there is a significant framework agreement in place with a European customer ( https://ceotronics.com/en/framework-contract-worth-approx-e-13-5-m-received/ - minimum call-off EUR 13.5 million), although the customer remains confidential. It is also important to look at the portfolio beyond traditional radio communication technology. Through its subsidiary CT-Video, CeoTronics is active in surveillance and observation technology and develops not only soldier-mounted devices but also systems for vehicles.  Moreover, AI-based CT-VoiceControl represents a solution that competitors currently do not offer. It can be deployed via software updates to existing devices, creating additional scalability without major hardware adjustments. This week, there was also a further product presented, using „PTT over IP“ with which smartphones can be connected and controlled in mission-critical scenarios. According to the earnings call, everything is fully developed, no further CAPEX projects are required, interest expenses are expected to fall to zero shortly, and headcount growth will remain minimal. As a result, further revenue should increasingly translate disproportionately into EBIT.  So CeoTronics does not merely supply individual components, but it provides a full integrated communication platform - a positioning that the market has not yet recognized. Especially the inefficient German market…",2,1772269910,/r/SmallCapStocks/comments/1r97ch0/whats_the_most_undervalued_small_cap_youre/o7upjhd/,t3_1r97ch0,t1_o7s8nfd,SmallCapStocks
o7uqpvc,Ok-Turnip-2098,"Small addition: At least with regard to headsets, the Netherlands appear unlikely, as they recently signed a contract with Invisio. I would rather look at countries such as Poland, the Baltic states, Romania, etc.    This is a strategically sound approach, since these countries typically aim for full-force equipment rollouts and have materially higher defense spending targets relative to GDP than most Western European countries.    According to the CEO, the expected headcount growth over the next 6–9 months (approximately 10 employees) will primarily relate to international operations. That suggests there is likely tangible business in the pipeline rather than purely speculative expansion.  ",2,1772270588,/r/SmallCapStocks/comments/1r97ch0/whats_the_most_undervalued_small_cap_youre/o7uqpvc/,t3_1r97ch0,t1_o7upjhd,SmallCapStocks
o7xfyab,Cassmach,"Well put. Markets reward steady progress, not impulse moves. That’s why I’d rather follow $TROO’s development than chase the flavor-of-the-week trade.",1,1772306701,/r/SmallCapStocks/comments/1quuhlg/tsx_elo_otcqx_elrrf_accepted_into_us_defense/o7xfyab/,t3_1quuhlg,t3_1quuhlg,SmallCapStocks
o87e5n5,Cassmach,"Yeah, the push toward global expansion that TROO seems to be making—especially tying into AI-powered platforms for social and financial stuff—feels like a logical step for positioning in that emerging space. From what I’ve seen in similar small-cap fintech plays, building out internationally can open doors to bigger user bases and revenue streams down the line, particularly if AI integration helps with things like personalized finance or community-driven tools. It’s still early and speculative, no doubt, with execution risks in new markets, but the broader trend of AI meeting social/fintech convergence is one I’m keeping an eye on across a few names. Curious—what do you guys see as the biggest hurdle or catalyst for something like this actually dominating in the long run?",1,1772445454,/r/SmallCapStocks/comments/1ri3lk2/monitoring_upcoming_quarterly_earnings_for_this/o87e5n5/,t3_1ri3lk2,t3_1ri3lk2,SmallCapStocks
o88f5lh,Otherwise_Wave9374,"Interesting milestone, distribution deals are usually when these stories get real (or fail fast) because you start seeing actual deployment + sales cycles.  If they can translate the value prop into a simple ""time saved per ECG"" or ""clinician review hours reduced"" metric, that tends to land better than abstract AI claims.  We have a short writeup on framing B2B tech announcements so they do not read like PR (focus on who, problem, measurable outcome, and proof), https://blog.promarkia.com/ might be useful if you are tracking these and sharing notes.",1,1772461637,/r/SmallCapStocks/comments/1riu1yw/aiml_innovations_expands_neural_cloud_into_latin/o88f5lh/,t3_1riu1yw,t3_1riu1yw,SmallCapStocks
o8g6z31,jup1t3rr,CRYTPO TO PLUTO BABY !!!!!!!!!! GO SHORT GET RICH !!!!!!!!!!!,1,1772561025,/r/SmallCapStocks/comments/1ritcxn/anyone_following_rsmx_rsmxf_regency_silver/o8g6z31/,t3_1ritcxn,t3_1ritcxn,SmallCapStocks
o8gpx2v,LongTerm512,"Spot on. I’ve actually been digging deep into the unit economics on this one, and the structural arbitrage they have set up is wild for a small-cap.  Most stock screeners just look at their trailing GAAP earnings and dismiss it as a cash-burning construction company. But if you actually pull their recent filings and look at the unit economics, the setup is incredibly asymmetric:  * **The Debt Arbitrage:** You mentioned the tax-free debt. They are funding \~70% of construction with \~5% municipal bonds, and generating a 13%+ unlevered yield on cost when a campus stabilizes. When you run the math on that spread, it pushes their Return on Equity (ROE) well past 30%. It's basically a license to print money. * **The Private Market Disconnect:** The public market is pricing them like a distressed SPAC, but private equity is buying their hard assets at a massive premium. They recently sold a 75% stake in a single unfinished Miami (OPF) hangar to a family office for $30.75M cash. That values the hangar at \~$41M, but it only cost them \~$13.3M to build. Smart money is literally paying a **3.1x multiple on construction cost** for an asset that doesn't even have a tenant yet. * **Explosive Leasing Velocity:** The biggest bear argument is usually, ""What if they build it and nobody comes?"" The newly released Q4 2025 Obligated Group filings just killed that thesis. In a single quarter, their Phoenix (DVT) campus jumped from 25% pre-leased to 73% leased. Dallas (ADS) jumped from 55% to 87%. Total contracted square footage in this group just surged to over 605,000 SF. The ultra-wealthy are literally lining up to take these spaces.  It’s a classic infrastructure ""J-Curve"" play. The market is penalizing them for the construction phase right as the stabilized cash flow engine is spooling up.  Great write-up. I highly recommend anyone interested check out the r/SkyHarbour sub—there are some great breakdowns over there tracking the exact property-level cap rates and ROI models.       **Disclaimer & Disclosures:** The views, models, and price targets expressed here are my own and do not reflect the views, strategies, or recommendations of any employer.  * **No Fiduciary Duty or Advice:** This post is for general informational and educational purposes only. It does not constitute personalized investment advice, a recommendation, or a solicitation to buy or sell any security. Reading this post does not establish an advisor-client relationship. * **Position & Trading Conflicts:** I am currently LONG $SKYH. I, my family, or entities I am affiliated with may actively transact in the securities of $SKYH at any time, including buying or selling shares without further notice or updates to this post. I receive no compensation from Sky Harbour, its management, or any third-party promoters. * **Forward-Looking Statements & Risks:** This research contains financial models, projected cap rates, and price targets (e.g., the $50 target based on 50 campuses). These are highly speculative, forward-looking estimates based on public data and management’s stated goals, which are subject to massive execution risk. Furthermore, $SKYH is a small-cap company subject to extreme volatility and illiquidity. All math is based on publicly available information believed to be reliable but is not guaranteed for accuracy. Always conduct your own due diligence and consult a licensed financial professional before investing.",1,1772566331,/r/SmallCapStocks/comments/1rjxtwy/sky_harbour_skyh_an_aviation_infrastructure_play/o8gpx2v/,t3_1rjxtwy,t3_1rjxtwy,SmallCapStocks
o8sy3gb,Embarrassed-Yak5501,"CLEU's clinical data is fire! 100% sensitivity for pancreatic cancer detection is huge. Low float + partnerships + upcoming trials = volatility ahead  Could be nothing, but TROO’s structure is usually the kind traders keep an eye on. ",1,1772728399,/r/SmallCapStocks/comments/1rkq805/stop_following_the_crowd_and_missing_the_real/o8sy3gb/,t3_1rkq805,t3_1rkq805,SmallCapStocks
o95p716,BisonFar9803,A lot of asset-heavy companies trade at lower multiples simply because their growth looks slow. If AI changes that growth profile even slightly the valuation story changes.  ,1,1772897624,/r/SmallCapStocks/comments/1rmsy8i/btbd_microcap_drone_merger_with_upcoming_catalysts/o95p716/,t3_1rmsy8i,t3_1rmsy8i,SmallCapStocks
o95pj6s,BisonFar9803,Small companies experimenting with unusual combinations like AI + real assets might look messy now but sometimes that’s where interesting growth stories start.,1,1772897729,/r/SmallCapStocks/comments/1r50exd/i_left_a_250k_job_to_short_small_cap_stocks_full/o95pj6s/,t3_1r50exd,t3_1r50exd,SmallCapStocks
o9e0quy,yellows522,"Shew!! Velo3d!! Ok I got into velo3d after their first tank. I invest in 2 stocks. Velo3d and 3d Systems. lol. You are correct, don’t take financial advice from me. Anyway, I loaded up with Velo3d and they reverse split. Loaded up again, I forget but either another reverse split or maybe it delisted or both… I’m immune to the pain by now and so angry that I just loaded up again. Then another reverse split. The angrier I got the more I bought. Low and behold, they reversed split again. But this time got relisted and all of a sudden, admirals and generals were suddenly on the board of directors and right then I knew I was right. Kept loading…. Today, I’m whole plus 100k. It was a rough ride but in their space and the company’s they were embedded in coupled with their tech and country of origin, I couldn’t believe they would fail. There used to be fairly active members on here but towards the end everyone gave up on them. Rightfully so. People lost ALOT of money and the company abused their retail investors relentlessly. I feel like I’ve been tortured for 3 years and finally negotiated my release and now I’m free.  Currently I have a similar situation with 3d systems. It hasn’t been the relentless torture Velo3d inflicted on me but slow daily needles and pins inserted into my skin that are never removed.   Tomorrow is premarket earnings announcement though and I’m betting they will finally release me.   But anyway, yeah! Jump on the VELO bus!!! ",1,1773007871,/r/SmallCapStocks/comments/1roaqcr/anyone_else_looking_at_velo3d_velo/o9e0quy/,t3_1roaqcr,t3_1roaqcr,SmallCapStocks
o9e6mrn,Forsaken-Law8882,Right? I've always thought their tech was really cool but their company was largely held back due to lumpy revenue / cash burning. I think the visibility that these defense contracts give us and new management/model with their RPS model makes the stock a much better bet today than in the past. Hopefully tomorrow goes well for us HAHAHA,1,1773009797,/r/SmallCapStocks/comments/1roaqcr/anyone_else_looking_at_velo3d_velo/o9e6mrn/,t3_1roaqcr,t1_o9e0quy,SmallCapStocks
